country_code,indicator,currency_code,frequency,year,avg_wage_value
AUS,AVWAGE,USD,A,1990,40717.48312
AUS,AVWAGE,USD,A,1991,40523.59008
AUS,AVWAGE,USD,A,1992,41337.04645
AUS,AVWAGE,USD,A,1993,41717.57803
AUS,AVWAGE,USD,A,1994,42000.4198
AUS,AVWAGE,USD,A,1995,41838.99354
AUS,AVWAGE,USD,A,1996,43078.49199
AUS,AVWAGE,USD,A,1997,44367.73994
AUS,AVWAGE,USD,A,1998,44997.18051
AUS,AVWAGE,USD,A,1999,46056.21709
AUS,AVWAGE,USD,A,2000,46156.00471
AUS,AVWAGE,USD,A,2001,46658.38049
AUS,AVWAGE,USD,A,2002,46979.50613
AUS,AVWAGE,USD,A,2003,47529.08855
AUS,AVWAGE,USD,A,2004,49007.97724
AUS,AVWAGE,USD,A,2005,49641.47138
AUS,AVWAGE,USD,A,2006,49962.5234
AUS,AVWAGE,USD,A,2007,51341.25111
AUS,AVWAGE,USD,A,2008,51755.30258
AUS,AVWAGE,USD,A,2009,51286.04809
AUS,AVWAGE,USD,A,2010,53054.72585
AUS,AVWAGE,USD,A,2011,54732.88016
AUS,AVWAGE,USD,A,2012,55058.21194
AUS,AVWAGE,USD,A,2013,54805.62455
AUS,AVWAGE,USD,A,2014,55226.3203
AUS,AVWAGE,USD,A,2015,54773.99376
AUS,AVWAGE,USD,A,2016,54799.8626
AUS,AVWAGE,USD,A,2017,54327.04477
AUS,AVWAGE,USD,A,2018,54147.4705
AUS,AVWAGE,USD,A,2019,54401.4253
AUT,AVWAGE,USD,A,1990,42961.52739
AUT,AVWAGE,USD,A,1991,44304.4441
AUT,AVWAGE,USD,A,1992,45197.01681
AUT,AVWAGE,USD,A,1993,45565.52109
AUT,AVWAGE,USD,A,1994,46024.60704
AUT,AVWAGE,USD,A,1995,46395.3877
AUT,AVWAGE,USD,A,1996,46048.90597
AUT,AVWAGE,USD,A,1997,45667.12822
AUT,AVWAGE,USD,A,1998,47134.22519
AUT,AVWAGE,USD,A,1999,48169.25513
AUT,AVWAGE,USD,A,2000,48301.77172
AUT,AVWAGE,USD,A,2001,48178.32743
AUT,AVWAGE,USD,A,2002,48888.5516
AUT,AVWAGE,USD,A,2003,49031.32592
AUT,AVWAGE,USD,A,2004,49953.36687
AUT,AVWAGE,USD,A,2005,50217.15381
AUT,AVWAGE,USD,A,2006,50947.05792
AUT,AVWAGE,USD,A,2007,51196.64443
AUT,AVWAGE,USD,A,2008,52102.64226
AUT,AVWAGE,USD,A,2009,52941.09537
AUT,AVWAGE,USD,A,2010,52718.89005
AUT,AVWAGE,USD,A,2011,52179.37023
AUT,AVWAGE,USD,A,2012,52445.89863
AUT,AVWAGE,USD,A,2013,52510.3157
AUT,AVWAGE,USD,A,2014,52711.04885
AUT,AVWAGE,USD,A,2015,53052.21668
AUT,AVWAGE,USD,A,2016,53589.1886
AUT,AVWAGE,USD,A,2017,53436.61223
AUT,AVWAGE,USD,A,2018,53560.92351
AUT,AVWAGE,USD,A,2019,53902.94904
BEL,AVWAGE,USD,A,1990,42574.47629
BEL,AVWAGE,USD,A,1991,44446.02017
BEL,AVWAGE,USD,A,1992,45872.94783
BEL,AVWAGE,USD,A,1993,46836.47064
BEL,AVWAGE,USD,A,1994,47745.62782
BEL,AVWAGE,USD,A,1995,47583.94221
BEL,AVWAGE,USD,A,1996,48182.85244
BEL,AVWAGE,USD,A,1997,48794.99874
BEL,AVWAGE,USD,A,1998,48822.52356
BEL,AVWAGE,USD,A,1999,51546.10314
BEL,AVWAGE,USD,A,2000,51082.82873
BEL,AVWAGE,USD,A,2001,51241.6298
BEL,AVWAGE,USD,A,2002,52823.82568
BEL,AVWAGE,USD,A,2003,53134.35824
BEL,AVWAGE,USD,A,2004,52859.09084
BEL,AVWAGE,USD,A,2005,52365.14076
BEL,AVWAGE,USD,A,2006,52723.44908
BEL,AVWAGE,USD,A,2007,52631.20829
BEL,AVWAGE,USD,A,2008,52839.61369
BEL,AVWAGE,USD,A,2009,53566.17875
BEL,AVWAGE,USD,A,2010,53340.90949
BEL,AVWAGE,USD,A,2011,53885.52822
BEL,AVWAGE,USD,A,2012,54295.4178
BEL,AVWAGE,USD,A,2013,54844.54793
BEL,AVWAGE,USD,A,2014,55116.60195
BEL,AVWAGE,USD,A,2015,54737.03878
BEL,AVWAGE,USD,A,2016,54883.6518
BEL,AVWAGE,USD,A,2017,54626.06533
BEL,AVWAGE,USD,A,2018,55065.81147
BEL,AVWAGE,USD,A,2019,55590.13046
CAN,AVWAGE,USD,A,1990,40132.70653
CAN,AVWAGE,USD,A,1991,40283.23416
CAN,AVWAGE,USD,A,1992,40872.30391
CAN,AVWAGE,USD,A,1993,40784.62878
CAN,AVWAGE,USD,A,1994,40321.43921
CAN,AVWAGE,USD,A,1995,40230.73427
CAN,AVWAGE,USD,A,1996,40587.69798
CAN,AVWAGE,USD,A,1997,41830.05102
CAN,AVWAGE,USD,A,1998,42533.09148
CAN,AVWAGE,USD,A,1999,42877.79254
CAN,AVWAGE,USD,A,2000,44177.81325
CAN,AVWAGE,USD,A,2001,43996.98695
CAN,AVWAGE,USD,A,2002,43630.12866
CAN,AVWAGE,USD,A,2003,43646.42193
CAN,AVWAGE,USD,A,2004,44603.9946
CAN,AVWAGE,USD,A,2005,45888.28334
CAN,AVWAGE,USD,A,2006,47301.95877
CAN,AVWAGE,USD,A,2007,48572.59612
CAN,AVWAGE,USD,A,2008,49450.13779
CAN,AVWAGE,USD,A,2009,49892.58166
CAN,AVWAGE,USD,A,2010,49996.23969
CAN,AVWAGE,USD,A,2011,50529.90004
CAN,AVWAGE,USD,A,2012,51189.03442
CAN,AVWAGE,USD,A,2013,51716.62436
CAN,AVWAGE,USD,A,2014,52325.34231
CAN,AVWAGE,USD,A,2015,52693.64729
CAN,AVWAGE,USD,A,2016,51562.73934
CAN,AVWAGE,USD,A,2017,52219.39272
CAN,AVWAGE,USD,A,2018,52831.4837
CAN,AVWAGE,USD,A,2019,53198.17296
CZE,AVWAGE,USD,A,1995,14117.67242
CZE,AVWAGE,USD,A,1996,15536.49125
CZE,AVWAGE,USD,A,1997,15759.67636
CZE,AVWAGE,USD,A,1998,15703.67189
CZE,AVWAGE,USD,A,1999,16295.81187
CZE,AVWAGE,USD,A,2000,16836.35095
CZE,AVWAGE,USD,A,2001,17682.55417
CZE,AVWAGE,USD,A,2002,18752.99864
CZE,AVWAGE,USD,A,2003,20169.95749
CZE,AVWAGE,USD,A,2004,21163.65359
CZE,AVWAGE,USD,A,2005,21800.63617
CZE,AVWAGE,USD,A,2006,22670.72934
CZE,AVWAGE,USD,A,2007,23354.16643
CZE,AVWAGE,USD,A,2008,23365.30955
CZE,AVWAGE,USD,A,2009,23312.13749
CZE,AVWAGE,USD,A,2010,23908.77397
CZE,AVWAGE,USD,A,2011,24072.4621
CZE,AVWAGE,USD,A,2012,24059.61971
CZE,AVWAGE,USD,A,2013,23805.67962
CZE,AVWAGE,USD,A,2014,24304.04734
CZE,AVWAGE,USD,A,2015,24969.52644
CZE,AVWAGE,USD,A,2016,25819.17199
CZE,AVWAGE,USD,A,2017,26888.62221
CZE,AVWAGE,USD,A,2018,28360.36471
CZE,AVWAGE,USD,A,2019,29280.78997
DNK,AVWAGE,USD,A,1990,41367.18335
DNK,AVWAGE,USD,A,1991,41557.90096
DNK,AVWAGE,USD,A,1992,42992.49159
DNK,AVWAGE,USD,A,1993,43462.21739
DNK,AVWAGE,USD,A,1994,41901.85473
DNK,AVWAGE,USD,A,1995,42781.29083
DNK,AVWAGE,USD,A,1996,43572.10373
DNK,AVWAGE,USD,A,1997,44263.21253
DNK,AVWAGE,USD,A,1998,45049.915
DNK,AVWAGE,USD,A,1999,45558.58899
DNK,AVWAGE,USD,A,2000,45532.48395
DNK,AVWAGE,USD,A,2001,45837.00049
DNK,AVWAGE,USD,A,2002,46890.28766
DNK,AVWAGE,USD,A,2003,48058.11301
DNK,AVWAGE,USD,A,2004,49142.86407
DNK,AVWAGE,USD,A,2005,49974.89925
DNK,AVWAGE,USD,A,2006,50820.49342
DNK,AVWAGE,USD,A,2007,51376.26095
DNK,AVWAGE,USD,A,2008,52071.60866
DNK,AVWAGE,USD,A,2009,53330.64216
DNK,AVWAGE,USD,A,2010,53947.17601
DNK,AVWAGE,USD,A,2011,53667.73839
DNK,AVWAGE,USD,A,2012,53593.47665
DNK,AVWAGE,USD,A,2013,53949.03887
DNK,AVWAGE,USD,A,2014,54978.22209
DNK,AVWAGE,USD,A,2015,55942.62512
DNK,AVWAGE,USD,A,2016,56883.11049
DNK,AVWAGE,USD,A,2017,56277.32497
DNK,AVWAGE,USD,A,2018,56827.52767
DNK,AVWAGE,USD,A,2019,57149.59431
FIN,AVWAGE,USD,A,1990,34538.65202
FIN,AVWAGE,USD,A,1991,34960.45239
FIN,AVWAGE,USD,A,1992,34444.31517
FIN,AVWAGE,USD,A,1993,33245.048
FIN,AVWAGE,USD,A,1994,33726.36722
FIN,AVWAGE,USD,A,1995,35057.18764
FIN,AVWAGE,USD,A,1996,35861.88428
FIN,AVWAGE,USD,A,1997,35897.16346
FIN,AVWAGE,USD,A,1998,36851.76787
FIN,AVWAGE,USD,A,1999,37713.84948
FIN,AVWAGE,USD,A,2000,38361.2419
FIN,AVWAGE,USD,A,2001,38562.91591
FIN,AVWAGE,USD,A,2002,38770.89442
FIN,AVWAGE,USD,A,2003,39507.72799
FIN,AVWAGE,USD,A,2004,40810.96484
FIN,AVWAGE,USD,A,2005,41696.93797
FIN,AVWAGE,USD,A,2006,42571.79067
FIN,AVWAGE,USD,A,2007,43147.98423
FIN,AVWAGE,USD,A,2008,43515.32027
FIN,AVWAGE,USD,A,2009,43891.25414
FIN,AVWAGE,USD,A,2010,44506.63552
FIN,AVWAGE,USD,A,2011,44528.22816
FIN,AVWAGE,USD,A,2012,44573.84882
FIN,AVWAGE,USD,A,2013,44137.71515
FIN,AVWAGE,USD,A,2014,44138.34285
FIN,AVWAGE,USD,A,2015,44616.268
FIN,AVWAGE,USD,A,2016,44975.60703
FIN,AVWAGE,USD,A,2017,44864.41587
FIN,AVWAGE,USD,A,2018,45023.39388
FIN,AVWAGE,USD,A,2019,45697.55615
FRA,AVWAGE,USD,A,1990,34329.26238
FRA,AVWAGE,USD,A,1991,34727.67723
FRA,AVWAGE,USD,A,1992,35116.12133
FRA,AVWAGE,USD,A,1993,35521.80915
FRA,AVWAGE,USD,A,1994,35668.17486
FRA,AVWAGE,USD,A,1995,36200.36721
FRA,AVWAGE,USD,A,1996,36302.22007
FRA,AVWAGE,USD,A,1997,36710.90407
FRA,AVWAGE,USD,A,1998,37273.74899
FRA,AVWAGE,USD,A,1999,38096.10055
FRA,AVWAGE,USD,A,2000,38278.4082
FRA,AVWAGE,USD,A,2001,38522.02063
FRA,AVWAGE,USD,A,2002,39561.52383
FRA,AVWAGE,USD,A,2003,39882.248
FRA,AVWAGE,USD,A,2004,40535.85036
FRA,AVWAGE,USD,A,2005,41023.7023
FRA,AVWAGE,USD,A,2006,41482.8196
FRA,AVWAGE,USD,A,2007,41638.13414
FRA,AVWAGE,USD,A,2008,41556.54708
FRA,AVWAGE,USD,A,2009,42878.33702
FRA,AVWAGE,USD,A,2010,43749.4888
FRA,AVWAGE,USD,A,2011,43681.75725
FRA,AVWAGE,USD,A,2012,43975.1502
FRA,AVWAGE,USD,A,2013,44345.13709
FRA,AVWAGE,USD,A,2014,44650.85801
FRA,AVWAGE,USD,A,2015,45087.62571
FRA,AVWAGE,USD,A,2016,45610.18378
FRA,AVWAGE,USD,A,2017,46162.80625
FRA,AVWAGE,USD,A,2018,46256.36191
FRA,AVWAGE,USD,A,2019,46480.6154
DEU,AVWAGE,USD,A,1991,39950.68908
DEU,AVWAGE,USD,A,1992,42307.1946
DEU,AVWAGE,USD,A,1993,42588.01672
DEU,AVWAGE,USD,A,1994,42679.93432
DEU,AVWAGE,USD,A,1995,43590.42003
DEU,AVWAGE,USD,A,1996,44097.84554
DEU,AVWAGE,USD,A,1997,43916.00634
DEU,AVWAGE,USD,A,1998,44454.36089
DEU,AVWAGE,USD,A,1999,45055.95807
DEU,AVWAGE,USD,A,2000,45309.74183
DEU,AVWAGE,USD,A,2001,45655.0802
DEU,AVWAGE,USD,A,2002,45929.54614
DEU,AVWAGE,USD,A,2003,46082.95538
DEU,AVWAGE,USD,A,2004,46084.60734
DEU,AVWAGE,USD,A,2005,46275.41241
DEU,AVWAGE,USD,A,2006,46266.43387
DEU,AVWAGE,USD,A,2007,46137.94189
DEU,AVWAGE,USD,A,2008,46353.97246
DEU,AVWAGE,USD,A,2009,46365.28439
DEU,AVWAGE,USD,A,2010,46772.23369
DEU,AVWAGE,USD,A,2011,47738.9826
DEU,AVWAGE,USD,A,2012,48391.85704
DEU,AVWAGE,USD,A,2013,48862.17112
DEU,AVWAGE,USD,A,2014,49700.10674
DEU,AVWAGE,USD,A,2015,50878.09477
DEU,AVWAGE,USD,A,2016,51622.98488
DEU,AVWAGE,USD,A,2017,52181.30995
DEU,AVWAGE,USD,A,2018,52929.5536
DEU,AVWAGE,USD,A,2019,53637.8016
GRC,AVWAGE,USD,A,1995,23905.68328
GRC,AVWAGE,USD,A,1996,23917.1907
GRC,AVWAGE,USD,A,1997,26247.86278
GRC,AVWAGE,USD,A,1998,26621.06428
GRC,AVWAGE,USD,A,1999,27436.97399
GRC,AVWAGE,USD,A,2000,28157.79523
GRC,AVWAGE,USD,A,2001,28843.37287
GRC,AVWAGE,USD,A,2002,31415.72274
GRC,AVWAGE,USD,A,2003,32744.12257
GRC,AVWAGE,USD,A,2004,33437.67974
GRC,AVWAGE,USD,A,2005,33384.72875
GRC,AVWAGE,USD,A,2006,33742.1686
GRC,AVWAGE,USD,A,2007,33807.53137
GRC,AVWAGE,USD,A,2008,33292.18671
GRC,AVWAGE,USD,A,2009,34735.85367
GRC,AVWAGE,USD,A,2010,32581.73598
GRC,AVWAGE,USD,A,2011,30397.62383
GRC,AVWAGE,USD,A,2012,28971.90463
GRC,AVWAGE,USD,A,2013,27099.74068
GRC,AVWAGE,USD,A,2014,27574.19248
GRC,AVWAGE,USD,A,2015,27448.75013
GRC,AVWAGE,USD,A,2016,27394.53173
GRC,AVWAGE,USD,A,2017,27321.80061
GRC,AVWAGE,USD,A,2018,27479.68523
GRC,AVWAGE,USD,A,2019,27459.1259
HUN,AVWAGE,USD,A,1995,15265.99801
HUN,AVWAGE,USD,A,1996,15271.642
HUN,AVWAGE,USD,A,1997,15648.49192
HUN,AVWAGE,USD,A,1998,16006.67289
HUN,AVWAGE,USD,A,1999,16075.68645
HUN,AVWAGE,USD,A,2000,16817.16172
HUN,AVWAGE,USD,A,2001,18093.13824
HUN,AVWAGE,USD,A,2002,18998.37123
HUN,AVWAGE,USD,A,2003,20524.53608
HUN,AVWAGE,USD,A,2004,21955.64623
HUN,AVWAGE,USD,A,2005,22920.62069
HUN,AVWAGE,USD,A,2006,23365.35329
HUN,AVWAGE,USD,A,2007,23194.53728
HUN,AVWAGE,USD,A,2008,23520.10745
HUN,AVWAGE,USD,A,2009,22184.57007
HUN,AVWAGE,USD,A,2010,22367.04637
HUN,AVWAGE,USD,A,2011,22543.10831
HUN,AVWAGE,USD,A,2012,21663.53667
HUN,AVWAGE,USD,A,2013,21413.70357
HUN,AVWAGE,USD,A,2014,21148.00655
HUN,AVWAGE,USD,A,2015,21449.78557
HUN,AVWAGE,USD,A,2016,21810.41182
HUN,AVWAGE,USD,A,2017,23527.36545
HUN,AVWAGE,USD,A,2018,24702.95934
HUN,AVWAGE,USD,A,2019,26223.19671
IRL,AVWAGE,USD,A,1990,25028.13337
IRL,AVWAGE,USD,A,1991,28355.38521
IRL,AVWAGE,USD,A,1992,29537.40027
IRL,AVWAGE,USD,A,1993,31001.02068
IRL,AVWAGE,USD,A,1994,31199.59686
IRL,AVWAGE,USD,A,1995,31753.15935
IRL,AVWAGE,USD,A,1996,32066.11256
IRL,AVWAGE,USD,A,1997,34049.08038
IRL,AVWAGE,USD,A,1998,36040.37445
IRL,AVWAGE,USD,A,1999,36820.82336
IRL,AVWAGE,USD,A,2000,37537.81189
IRL,AVWAGE,USD,A,2001,38790.96436
IRL,AVWAGE,USD,A,2002,38938.04184
IRL,AVWAGE,USD,A,2003,39944.87228
IRL,AVWAGE,USD,A,2004,41043.76393
IRL,AVWAGE,USD,A,2005,42759.8063
IRL,AVWAGE,USD,A,2006,43226.80148
IRL,AVWAGE,USD,A,2007,44470.85968
IRL,AVWAGE,USD,A,2008,45879.23121
IRL,AVWAGE,USD,A,2009,49206.22971
IRL,AVWAGE,USD,A,2010,49757.88113
IRL,AVWAGE,USD,A,2011,49745.93484
IRL,AVWAGE,USD,A,2012,49193.78108
IRL,AVWAGE,USD,A,2013,47971.80113
IRL,AVWAGE,USD,A,2014,47597.19916
IRL,AVWAGE,USD,A,2015,48407.79125
IRL,AVWAGE,USD,A,2016,49030.4212
IRL,AVWAGE,USD,A,2017,49585.17818
IRL,AVWAGE,USD,A,2018,49695.39773
IRL,AVWAGE,USD,A,2019,50490.47141
ITA,AVWAGE,USD,A,1990,37733.01242
ITA,AVWAGE,USD,A,1991,38050.01204
ITA,AVWAGE,USD,A,1992,38013.17543
ITA,AVWAGE,USD,A,1993,37427.64705
ITA,AVWAGE,USD,A,1994,36942.97934
ITA,AVWAGE,USD,A,1995,36134.19651
ITA,AVWAGE,USD,A,1996,36430.10569
ITA,AVWAGE,USD,A,1997,37469.68325
ITA,AVWAGE,USD,A,1998,37590.9681
ITA,AVWAGE,USD,A,1999,38023.83484
ITA,AVWAGE,USD,A,2000,38008.81342
ITA,AVWAGE,USD,A,2001,38274.46006
ITA,AVWAGE,USD,A,2002,38003.26668
ITA,AVWAGE,USD,A,2003,37900.81534
ITA,AVWAGE,USD,A,2004,38631.88383
ITA,AVWAGE,USD,A,2005,39149.18104
ITA,AVWAGE,USD,A,2006,39393.63877
ITA,AVWAGE,USD,A,2007,39377.24145
ITA,AVWAGE,USD,A,2008,39330.57499
ITA,AVWAGE,USD,A,2009,39629.55759
ITA,AVWAGE,USD,A,2010,39967.39217
ITA,AVWAGE,USD,A,2011,39327.96001
ITA,AVWAGE,USD,A,2012,38085.86903
ITA,AVWAGE,USD,A,2013,38205.39876
ITA,AVWAGE,USD,A,2014,38354.2047
ITA,AVWAGE,USD,A,2015,38691.17743
ITA,AVWAGE,USD,A,2016,38982.24797
ITA,AVWAGE,USD,A,2017,38706.95871
ITA,AVWAGE,USD,A,2018,38852.72523
ITA,AVWAGE,USD,A,2019,39189.36576
JPN,AVWAGE,USD,A,1990,36412.4948
JPN,AVWAGE,USD,A,1991,36896.04503
JPN,AVWAGE,USD,A,1992,37009.00569
JPN,AVWAGE,USD,A,1993,36658.08901
JPN,AVWAGE,USD,A,1994,37029.96676
JPN,AVWAGE,USD,A,1995,37470.24083
JPN,AVWAGE,USD,A,1996,37657.48597
JPN,AVWAGE,USD,A,1997,37992.55786
JPN,AVWAGE,USD,A,1998,37882.56699
JPN,AVWAGE,USD,A,1999,37836.53209
JPN,AVWAGE,USD,A,2000,38049.69578
JPN,AVWAGE,USD,A,2001,37573.26952
JPN,AVWAGE,USD,A,2002,36811.23316
JPN,AVWAGE,USD,A,2003,36845.25079
JPN,AVWAGE,USD,A,2004,37130.21289
JPN,AVWAGE,USD,A,2005,37772.79714
JPN,AVWAGE,USD,A,2006,37546.96319
JPN,AVWAGE,USD,A,2007,37490.17592
JPN,AVWAGE,USD,A,2008,37467.02509
JPN,AVWAGE,USD,A,2009,37111.87249
JPN,AVWAGE,USD,A,2010,37774.6783
JPN,AVWAGE,USD,A,2011,38627.36987
JPN,AVWAGE,USD,A,2012,37967.61933
JPN,AVWAGE,USD,A,2013,37941.6636
JPN,AVWAGE,USD,A,2014,37265.12053
JPN,AVWAGE,USD,A,2015,37225.93188
JPN,AVWAGE,USD,A,2016,37896.31241
JPN,AVWAGE,USD,A,2017,38084.71057
JPN,AVWAGE,USD,A,2018,38193.16835
JPN,AVWAGE,USD,A,2019,38617.46549
KOR,AVWAGE,USD,A,1990,22334.57719
KOR,AVWAGE,USD,A,1991,23268.08612
KOR,AVWAGE,USD,A,1992,24190.04455
KOR,AVWAGE,USD,A,1993,25529.14181
KOR,AVWAGE,USD,A,1994,25976.00443
KOR,AVWAGE,USD,A,1995,28480.99079
KOR,AVWAGE,USD,A,1996,29795.59588
KOR,AVWAGE,USD,A,1997,29163.64394
KOR,AVWAGE,USD,A,1998,28784.49359
KOR,AVWAGE,USD,A,1999,28923.30426
KOR,AVWAGE,USD,A,2000,29335.31004
KOR,AVWAGE,USD,A,2001,29975.63865
KOR,AVWAGE,USD,A,2002,31023.7
KOR,AVWAGE,USD,A,2003,32147.84948
KOR,AVWAGE,USD,A,2004,33105.35248
KOR,AVWAGE,USD,A,2005,34083.16089
KOR,AVWAGE,USD,A,2006,34451.06181
KOR,AVWAGE,USD,A,2007,35095.18468
KOR,AVWAGE,USD,A,2008,34842.17211
KOR,AVWAGE,USD,A,2009,34959.42911
KOR,AVWAGE,USD,A,2010,35543.07414
KOR,AVWAGE,USD,A,2011,36012.43636
KOR,AVWAGE,USD,A,2012,35485.79358
KOR,AVWAGE,USD,A,2013,36394.83602
KOR,AVWAGE,USD,A,2014,36491.71827
KOR,AVWAGE,USD,A,2015,37512.83565
KOR,AVWAGE,USD,A,2016,38617.35471
KOR,AVWAGE,USD,A,2017,39551.53296
KOR,AVWAGE,USD,A,2018,40820.34833
KOR,AVWAGE,USD,A,2019,42284.78911
LUX,AVWAGE,USD,A,1990,49163.13278
LUX,AVWAGE,USD,A,1991,50558.47
LUX,AVWAGE,USD,A,1992,51901.8071
LUX,AVWAGE,USD,A,1993,52902.18624
LUX,AVWAGE,USD,A,1994,53759.25027
LUX,AVWAGE,USD,A,1995,53716.13705
LUX,AVWAGE,USD,A,1996,54570.87839
LUX,AVWAGE,USD,A,1997,55370.79499
LUX,AVWAGE,USD,A,1998,55693.05254
LUX,AVWAGE,USD,A,1999,56886.91101
LUX,AVWAGE,USD,A,2000,58863.03754
LUX,AVWAGE,USD,A,2001,59540.18979
LUX,AVWAGE,USD,A,2002,60780.95236
LUX,AVWAGE,USD,A,2003,60495.87413
LUX,AVWAGE,USD,A,2004,61323.98995
LUX,AVWAGE,USD,A,2005,61382.17774
LUX,AVWAGE,USD,A,2006,62229.68308
LUX,AVWAGE,USD,A,2007,63860.61006
LUX,AVWAGE,USD,A,2008,63608.07238
LUX,AVWAGE,USD,A,2009,65381.1054
LUX,AVWAGE,USD,A,2010,65955.81945
LUX,AVWAGE,USD,A,2011,64983.63526
LUX,AVWAGE,USD,A,2012,64452.0907
LUX,AVWAGE,USD,A,2013,65078.99933
LUX,AVWAGE,USD,A,2014,67517.73159
LUX,AVWAGE,USD,A,2015,68381.61077
LUX,AVWAGE,USD,A,2016,68503.77293
LUX,AVWAGE,USD,A,2017,69541.03065
LUX,AVWAGE,USD,A,2018,69556.26185
LUX,AVWAGE,USD,A,2019,68680.52973
MEX,AVWAGE,USD,A,1990,15020.90116
MEX,AVWAGE,USD,A,1991,15814.88989
MEX,AVWAGE,USD,A,1992,16675.49104
MEX,AVWAGE,USD,A,1993,17352.16629
MEX,AVWAGE,USD,A,1994,17792.5935
MEX,AVWAGE,USD,A,1995,14652.79991
MEX,AVWAGE,USD,A,1996,13804.97936
MEX,AVWAGE,USD,A,1997,14486.68582
MEX,AVWAGE,USD,A,1998,15286.74952
MEX,AVWAGE,USD,A,1999,15910.29984
MEX,AVWAGE,USD,A,2000,16741.76713
MEX,AVWAGE,USD,A,2001,17714.21537
MEX,AVWAGE,USD,A,2002,17643.00163
MEX,AVWAGE,USD,A,2003,17953.8742
MEX,AVWAGE,USD,A,2004,18043.13464
MEX,AVWAGE,USD,A,2005,18169.2598
MEX,AVWAGE,USD,A,2006,18140.70799
MEX,AVWAGE,USD,A,2007,18209.49917
MEX,AVWAGE,USD,A,2008,18051.6986
MEX,AVWAGE,USD,A,2009,18199.07269
MEX,AVWAGE,USD,A,2010,17049.955
MEX,AVWAGE,USD,A,2011,17203.17592
MEX,AVWAGE,USD,A,2012,16894.97733
MEX,AVWAGE,USD,A,2013,16908.73924
MEX,AVWAGE,USD,A,2014,16887.91879
MEX,AVWAGE,USD,A,2015,17101.81793
MEX,AVWAGE,USD,A,2016,16981.33584
MEX,AVWAGE,USD,A,2017,16984.11528
MEX,AVWAGE,USD,A,2018,17180.80319
MEX,AVWAGE,USD,A,2019,17594.46105
NLD,AVWAGE,USD,A,1990,50053.08202
NLD,AVWAGE,USD,A,1991,50429.65895
NLD,AVWAGE,USD,A,1992,50688.82562
NLD,AVWAGE,USD,A,1993,51556.15849
NLD,AVWAGE,USD,A,1994,51925.80659
NLD,AVWAGE,USD,A,1995,50909.32411
NLD,AVWAGE,USD,A,1996,50735.47883
NLD,AVWAGE,USD,A,1997,50902.89582
NLD,AVWAGE,USD,A,1998,49280.17773
NLD,AVWAGE,USD,A,1999,50199.47754
NLD,AVWAGE,USD,A,2000,51451.00556
NLD,AVWAGE,USD,A,2001,52213.46174
NLD,AVWAGE,USD,A,2002,52390.26181
NLD,AVWAGE,USD,A,2003,52761.49574
NLD,AVWAGE,USD,A,2004,53605.51931
NLD,AVWAGE,USD,A,2005,53606.56418
NLD,AVWAGE,USD,A,2006,53500.50981
NLD,AVWAGE,USD,A,2007,54264.97048
NLD,AVWAGE,USD,A,2008,54593.16535
NLD,AVWAGE,USD,A,2009,56926.01952
NLD,AVWAGE,USD,A,2010,56940.08763
NLD,AVWAGE,USD,A,2011,56587.55978
NLD,AVWAGE,USD,A,2012,56820.37884
NLD,AVWAGE,USD,A,2013,57019.56486
NLD,AVWAGE,USD,A,2014,56711.86186
NLD,AVWAGE,USD,A,2015,57378.21452
NLD,AVWAGE,USD,A,2016,57573.20166
NLD,AVWAGE,USD,A,2017,57138.28325
NLD,AVWAGE,USD,A,2018,56708.92587
NLD,AVWAGE,USD,A,2019,56552.29043
NOR,AVWAGE,USD,A,1990,31089.06945
NOR,AVWAGE,USD,A,1991,31433.2481
NOR,AVWAGE,USD,A,1992,31834.96609
NOR,AVWAGE,USD,A,1993,32138.68107
NOR,AVWAGE,USD,A,1994,32793.80351
NOR,AVWAGE,USD,A,1995,33100.09092
NOR,AVWAGE,USD,A,1996,34100.97459
NOR,AVWAGE,USD,A,1997,34845.22506
NOR,AVWAGE,USD,A,1998,36118.70813
NOR,AVWAGE,USD,A,1999,37292.68382
NOR,AVWAGE,USD,A,2000,37616.38812
NOR,AVWAGE,USD,A,2001,38542.37008
NOR,AVWAGE,USD,A,2002,40140.26416
NOR,AVWAGE,USD,A,2003,40678.93459
NOR,AVWAGE,USD,A,2004,42033.34262
NOR,AVWAGE,USD,A,2005,43262.69092
NOR,AVWAGE,USD,A,2006,45036.40962
NOR,AVWAGE,USD,A,2007,47061.40303
NOR,AVWAGE,USD,A,2008,48107.61698
NOR,AVWAGE,USD,A,2009,48613.69989
NOR,AVWAGE,USD,A,2010,49247.69684
NOR,AVWAGE,USD,A,2011,50962.25704
NOR,AVWAGE,USD,A,2012,52364.83341
NOR,AVWAGE,USD,A,2013,53396.43497
NOR,AVWAGE,USD,A,2014,53662.60506
NOR,AVWAGE,USD,A,2015,53943.78397
NOR,AVWAGE,USD,A,2016,52943.44998
NOR,AVWAGE,USD,A,2017,53034.32566
NOR,AVWAGE,USD,A,2018,53484.64221
NOR,AVWAGE,USD,A,2019,54027.48705
POL,AVWAGE,USD,A,1995,16489.99991
POL,AVWAGE,USD,A,1996,17794.88053
POL,AVWAGE,USD,A,1997,18704.88568
POL,AVWAGE,USD,A,1998,19262.71843
POL,AVWAGE,USD,A,1999,20781.54631
POL,AVWAGE,USD,A,2000,20903.45334
POL,AVWAGE,USD,A,2001,22141.83061
POL,AVWAGE,USD,A,2002,22075.51096
POL,AVWAGE,USD,A,2003,22346.52368
POL,AVWAGE,USD,A,2004,21908.00031
POL,AVWAGE,USD,A,2005,21848.06809
POL,AVWAGE,USD,A,2006,21993.68006
POL,AVWAGE,USD,A,2007,22693.99474
POL,AVWAGE,USD,A,2008,23904.28558
POL,AVWAGE,USD,A,2009,23856.5176
POL,AVWAGE,USD,A,2010,24534.24705
POL,AVWAGE,USD,A,2011,24536.19876
POL,AVWAGE,USD,A,2012,24319.71443
POL,AVWAGE,USD,A,2013,24597.14393
POL,AVWAGE,USD,A,2014,25098.03513
POL,AVWAGE,USD,A,2015,25648.08453
POL,AVWAGE,USD,A,2016,26934.07273
POL,AVWAGE,USD,A,2017,28070.80769
POL,AVWAGE,USD,A,2018,30090.88308
POL,AVWAGE,USD,A,2019,31969.56803
PRT,AVWAGE,USD,A,1995,24360.26532
PRT,AVWAGE,USD,A,1996,25260.78368
PRT,AVWAGE,USD,A,1997,25921.62444
PRT,AVWAGE,USD,A,1998,26249.91598
PRT,AVWAGE,USD,A,1999,27143.42048
PRT,AVWAGE,USD,A,2000,27514.63243
PRT,AVWAGE,USD,A,2001,27626.23531
PRT,AVWAGE,USD,A,2002,27612.59548
PRT,AVWAGE,USD,A,2003,27549.69606
PRT,AVWAGE,USD,A,2004,27594.56397
PRT,AVWAGE,USD,A,2005,27436.16206
PRT,AVWAGE,USD,A,2006,26839.9366
PRT,AVWAGE,USD,A,2007,27018.55515
PRT,AVWAGE,USD,A,2008,26931.84949
PRT,AVWAGE,USD,A,2009,28181.65413
PRT,AVWAGE,USD,A,2010,28063.55913
PRT,AVWAGE,USD,A,2011,27385.32084
PRT,AVWAGE,USD,A,2012,26209.39384
PRT,AVWAGE,USD,A,2013,26712.49284
PRT,AVWAGE,USD,A,2014,26253.46768
PRT,AVWAGE,USD,A,2015,26175.52846
PRT,AVWAGE,USD,A,2016,26023.70855
PRT,AVWAGE,USD,A,2017,26141.28364
PRT,AVWAGE,USD,A,2018,26413.09577
PRT,AVWAGE,USD,A,2019,26633.71719
SVK,AVWAGE,USD,A,1994,11003.99237
SVK,AVWAGE,USD,A,1995,11850.17072
SVK,AVWAGE,USD,A,1996,12826.17382
SVK,AVWAGE,USD,A,1997,14552.53319
SVK,AVWAGE,USD,A,1998,15130.29856
SVK,AVWAGE,USD,A,1999,14817.17188
SVK,AVWAGE,USD,A,2000,15378.29333
SVK,AVWAGE,USD,A,2001,15377.6827
SVK,AVWAGE,USD,A,2002,16171.46851
SVK,AVWAGE,USD,A,2003,16483.93807
SVK,AVWAGE,USD,A,2004,16738.21494
SVK,AVWAGE,USD,A,2005,17753.99319
SVK,AVWAGE,USD,A,2006,18356.91178
SVK,AVWAGE,USD,A,2007,19491.80947
SVK,AVWAGE,USD,A,2008,19701.10539
SVK,AVWAGE,USD,A,2009,20365.29258
SVK,AVWAGE,USD,A,2010,21255.9926
SVK,AVWAGE,USD,A,2011,21071.32809
SVK,AVWAGE,USD,A,2012,20813.21107
SVK,AVWAGE,USD,A,2013,20965.83206
SVK,AVWAGE,USD,A,2014,21376.72837
SVK,AVWAGE,USD,A,2015,22230.13786
SVK,AVWAGE,USD,A,2016,22947.42395
SVK,AVWAGE,USD,A,2017,23610.42637
SVK,AVWAGE,USD,A,2018,24254.01607
SVK,AVWAGE,USD,A,2019,25452.38663
ESP,AVWAGE,USD,A,1990,35882.79967
ESP,AVWAGE,USD,A,1991,36769.5511
ESP,AVWAGE,USD,A,1992,37806.21507
ESP,AVWAGE,USD,A,1993,38103.56397
ESP,AVWAGE,USD,A,1994,38203.27583
ESP,AVWAGE,USD,A,1995,38038.9068
ESP,AVWAGE,USD,A,1996,38553.73783
ESP,AVWAGE,USD,A,1997,38593.77367
ESP,AVWAGE,USD,A,1998,38800.02795
ESP,AVWAGE,USD,A,1999,38780.92795
ESP,AVWAGE,USD,A,2000,37933.31735
ESP,AVWAGE,USD,A,2001,37735.25209
ESP,AVWAGE,USD,A,2002,37923.89394
ESP,AVWAGE,USD,A,2003,37732.97884
ESP,AVWAGE,USD,A,2004,37251.94031
ESP,AVWAGE,USD,A,2005,37414.70499
ESP,AVWAGE,USD,A,2006,37238.01064
ESP,AVWAGE,USD,A,2007,37640.64056
ESP,AVWAGE,USD,A,2008,38971.06495
ESP,AVWAGE,USD,A,2009,41428.49101
ESP,AVWAGE,USD,A,2010,41035.89651
ESP,AVWAGE,USD,A,2011,40301.52602
ESP,AVWAGE,USD,A,2012,39176.09365
ESP,AVWAGE,USD,A,2013,39177.89982
ESP,AVWAGE,USD,A,2014,39055.82958
ESP,AVWAGE,USD,A,2015,39637.51128
ESP,AVWAGE,USD,A,2016,39413.14818
ESP,AVWAGE,USD,A,2017,38897.90764
ESP,AVWAGE,USD,A,2018,38554.41746
ESP,AVWAGE,USD,A,2019,38757.56996
SWE,AVWAGE,USD,A,1990,28916.26562
SWE,AVWAGE,USD,A,1991,27539.41694
SWE,AVWAGE,USD,A,1992,28402.37708
SWE,AVWAGE,USD,A,1993,28030.23347
SWE,AVWAGE,USD,A,1994,28719.09693
SWE,AVWAGE,USD,A,1995,28780.42449
SWE,AVWAGE,USD,A,1996,30497.89215
SWE,AVWAGE,USD,A,1997,31709.87959
SWE,AVWAGE,USD,A,1998,32744.36703
SWE,AVWAGE,USD,A,1999,33429.20117
SWE,AVWAGE,USD,A,2000,34485.65431
SWE,AVWAGE,USD,A,2001,34883.85589
SWE,AVWAGE,USD,A,2002,35338.88404
SWE,AVWAGE,USD,A,2003,35640.4242
SWE,AVWAGE,USD,A,2004,36826.1237
SWE,AVWAGE,USD,A,2005,37733.00772
SWE,AVWAGE,USD,A,2006,38785.15575
SWE,AVWAGE,USD,A,2007,40126.15919
SWE,AVWAGE,USD,A,2008,40904.5605
SWE,AVWAGE,USD,A,2009,41052.97677
SWE,AVWAGE,USD,A,2010,41549.54356
SWE,AVWAGE,USD,A,2011,42180.43005
SWE,AVWAGE,USD,A,2012,43133.15365
SWE,AVWAGE,USD,A,2013,43647.06376
SWE,AVWAGE,USD,A,2014,44239.5526
SWE,AVWAGE,USD,A,2015,44849.4209
SWE,AVWAGE,USD,A,2016,45552.08133
SWE,AVWAGE,USD,A,2017,45818.05044
SWE,AVWAGE,USD,A,2018,46061.69242
SWE,AVWAGE,USD,A,2019,46695.34986
CHE,AVWAGE,USD,A,1990,52519.20455
CHE,AVWAGE,USD,A,1991,53449.13887
CHE,AVWAGE,USD,A,1992,53929.71252
CHE,AVWAGE,USD,A,1993,54478.11186
CHE,AVWAGE,USD,A,1994,55165.92432
CHE,AVWAGE,USD,A,1995,55323.00074
CHE,AVWAGE,USD,A,1996,55806.46864
CHE,AVWAGE,USD,A,1997,56586.54653
CHE,AVWAGE,USD,A,1998,56640.81278
CHE,AVWAGE,USD,A,1999,57506.51012
CHE,AVWAGE,USD,A,2000,57849.93181
CHE,AVWAGE,USD,A,2001,60006.652
CHE,AVWAGE,USD,A,2002,60939.25781
CHE,AVWAGE,USD,A,2003,60787.38637
CHE,AVWAGE,USD,A,2004,60259.61763
CHE,AVWAGE,USD,A,2005,61175.38996
CHE,AVWAGE,USD,A,2006,61556.40448
CHE,AVWAGE,USD,A,2007,62458.6993
CHE,AVWAGE,USD,A,2008,62796.15698
CHE,AVWAGE,USD,A,2009,64065.86411
CHE,AVWAGE,USD,A,2010,64218.51559
CHE,AVWAGE,USD,A,2011,64327.02076
CHE,AVWAGE,USD,A,2012,65465.01342
CHE,AVWAGE,USD,A,2013,66477.27004
CHE,AVWAGE,USD,A,2014,66583.01455
CHE,AVWAGE,USD,A,2015,66517.46188
CHE,AVWAGE,USD,A,2016,66349.80362
CHE,AVWAGE,USD,A,2017,66131.82428
CHE,AVWAGE,USD,A,2018,66120.94281
CHE,AVWAGE,USD,A,2019,66566.72632
GBR,AVWAGE,USD,A,1990,31858.634
GBR,AVWAGE,USD,A,1991,31839.18844
GBR,AVWAGE,USD,A,1992,32473.5413
GBR,AVWAGE,USD,A,1993,33014.70664
GBR,AVWAGE,USD,A,1994,33605.12346
GBR,AVWAGE,USD,A,1995,33631.24918
GBR,AVWAGE,USD,A,1996,33616.32191
GBR,AVWAGE,USD,A,1997,34986.03931
GBR,AVWAGE,USD,A,1998,35612.76367
GBR,AVWAGE,USD,A,1999,37501.11228
GBR,AVWAGE,USD,A,2000,39232.58134
GBR,AVWAGE,USD,A,2001,40854.49768
GBR,AVWAGE,USD,A,2002,41570.36934
GBR,AVWAGE,USD,A,2003,42804.67228
GBR,AVWAGE,USD,A,2004,44099.79723
GBR,AVWAGE,USD,A,2005,44296.6047
GBR,AVWAGE,USD,A,2006,45438.87479
GBR,AVWAGE,USD,A,2007,46728.22298
GBR,AVWAGE,USD,A,2008,45608.21444
GBR,AVWAGE,USD,A,2009,45694.63488
GBR,AVWAGE,USD,A,2010,45790.00592
GBR,AVWAGE,USD,A,2011,45045.48412
GBR,AVWAGE,USD,A,2012,44427.80778
GBR,AVWAGE,USD,A,2013,44997.74874
GBR,AVWAGE,USD,A,2014,45146.28691
GBR,AVWAGE,USD,A,2015,45531.605
GBR,AVWAGE,USD,A,2016,46087.95586
GBR,AVWAGE,USD,A,2017,46492.67666
GBR,AVWAGE,USD,A,2018,46655.52243
GBR,AVWAGE,USD,A,2019,47226.08766
USA,AVWAGE,USD,A,1990,46362.05695
USA,AVWAGE,USD,A,1991,46676.72763
USA,AVWAGE,USD,A,1992,47758.46102
USA,AVWAGE,USD,A,1993,47484.21669
USA,AVWAGE,USD,A,1994,47301.62184
USA,AVWAGE,USD,A,1995,47576.97015
USA,AVWAGE,USD,A,1996,48266.27574
USA,AVWAGE,USD,A,1997,49464.6672
USA,AVWAGE,USD,A,1998,51500.41797
USA,AVWAGE,USD,A,1999,52848.89044
USA,AVWAGE,USD,A,2000,54641.5093
USA,AVWAGE,USD,A,2001,55103.6498
USA,AVWAGE,USD,A,2002,55537.49696
USA,AVWAGE,USD,A,2003,56218.66004
USA,AVWAGE,USD,A,2004,57262.66068
USA,AVWAGE,USD,A,2005,57330.6597
USA,AVWAGE,USD,A,2006,58240.25669
USA,AVWAGE,USD,A,2007,59399.2124
USA,AVWAGE,USD,A,2008,59200.10038
USA,AVWAGE,USD,A,2009,59678.29454
USA,AVWAGE,USD,A,2010,60247.52545
USA,AVWAGE,USD,A,2011,60330.21251
USA,AVWAGE,USD,A,2012,60826.2736
USA,AVWAGE,USD,A,2013,60542.46291
USA,AVWAGE,USD,A,2014,61446.77286
USA,AVWAGE,USD,A,2015,62982.15361
USA,AVWAGE,USD,A,2016,63079.25821
USA,AVWAGE,USD,A,2017,63734.34215
USA,AVWAGE,USD,A,2018,64396.69684
USA,AVWAGE,USD,A,2019,65835.57764
EST,AVWAGE,USD,A,1995,9104.168152
EST,AVWAGE,USD,A,1996,9689.131381
EST,AVWAGE,USD,A,1997,10584.80766
EST,AVWAGE,USD,A,1998,11283.10147
EST,AVWAGE,USD,A,1999,11790.96686
EST,AVWAGE,USD,A,2000,12734.66503
EST,AVWAGE,USD,A,2001,13185.75412
EST,AVWAGE,USD,A,2002,13971.49157
EST,AVWAGE,USD,A,2003,15331.17316
EST,AVWAGE,USD,A,2004,16548.8776
EST,AVWAGE,USD,A,2005,17655.81818
EST,AVWAGE,USD,A,2006,19250.96662
EST,AVWAGE,USD,A,2007,22392.20415
EST,AVWAGE,USD,A,2008,22706.24791
EST,AVWAGE,USD,A,2009,22189.80084
EST,AVWAGE,USD,A,2010,21970.72749
EST,AVWAGE,USD,A,2011,21478.52596
EST,AVWAGE,USD,A,2012,21798.0368
EST,AVWAGE,USD,A,2013,22333.39665
EST,AVWAGE,USD,A,2014,23547.87158
EST,AVWAGE,USD,A,2015,24628.69101
EST,AVWAGE,USD,A,2016,25841.28678
EST,AVWAGE,USD,A,2017,26554.96128
EST,AVWAGE,USD,A,2018,28499.25441
EST,AVWAGE,USD,A,2019,30296.87726
ISR,AVWAGE,USD,A,1995,29159.76266
ISR,AVWAGE,USD,A,1996,31677.25742
ISR,AVWAGE,USD,A,1997,32596.63037
ISR,AVWAGE,USD,A,1998,33901.41934
ISR,AVWAGE,USD,A,1999,34458.63357
ISR,AVWAGE,USD,A,2000,35747.19543
ISR,AVWAGE,USD,A,2001,36356.34572
ISR,AVWAGE,USD,A,2002,34975.81978
ISR,AVWAGE,USD,A,2003,33778.51938
ISR,AVWAGE,USD,A,2004,33236.51215
ISR,AVWAGE,USD,A,2005,33285.33376
ISR,AVWAGE,USD,A,2006,34233.83767
ISR,AVWAGE,USD,A,2007,34876.28719
ISR,AVWAGE,USD,A,2008,33999.1631
ISR,AVWAGE,USD,A,2009,33233.81943
ISR,AVWAGE,USD,A,2010,32976.6455
ISR,AVWAGE,USD,A,2011,33272.1579
ISR,AVWAGE,USD,A,2012,33812.48784
ISR,AVWAGE,USD,A,2013,34411.00825
ISR,AVWAGE,USD,A,2014,34487.23166
ISR,AVWAGE,USD,A,2015,35439.45549
ISR,AVWAGE,USD,A,2016,36729.29562
ISR,AVWAGE,USD,A,2017,37745.321
ISR,AVWAGE,USD,A,2018,38602.96507
ISR,AVWAGE,USD,A,2019,39403.10257
SVN,AVWAGE,USD,A,1995,24305.13968
SVN,AVWAGE,USD,A,1996,25511.23882
SVN,AVWAGE,USD,A,1997,26876.40431
SVN,AVWAGE,USD,A,1998,27214.94476
SVN,AVWAGE,USD,A,1999,27728.05225
SVN,AVWAGE,USD,A,2000,28428.57293
SVN,AVWAGE,USD,A,2001,29585.65631
SVN,AVWAGE,USD,A,2002,29671.11328
SVN,AVWAGE,USD,A,2003,30293.46986
SVN,AVWAGE,USD,A,2004,31784.32377
SVN,AVWAGE,USD,A,2005,32992.16164
SVN,AVWAGE,USD,A,2006,34069.27718
SVN,AVWAGE,USD,A,2007,34819.49712
SVN,AVWAGE,USD,A,2008,35344.99199
SVN,AVWAGE,USD,A,2009,35669.27104
SVN,AVWAGE,USD,A,2010,36711.90542
SVN,AVWAGE,USD,A,2011,36589.27885
SVN,AVWAGE,USD,A,2012,35464.79596
SVN,AVWAGE,USD,A,2013,34933.38958
SVN,AVWAGE,USD,A,2014,35616.23998
SVN,AVWAGE,USD,A,2015,36371.82514
SVN,AVWAGE,USD,A,2016,37871.05798
SVN,AVWAGE,USD,A,2017,38503.34068
SVN,AVWAGE,USD,A,2018,39077.86228
SVN,AVWAGE,USD,A,2019,40219.62097
OECD,AVWAGE,USD,A,1990,37943.60626
OECD,AVWAGE,USD,A,1991,38404.76778
OECD,AVWAGE,USD,A,1992,39226.0353
OECD,AVWAGE,USD,A,1993,39289.49043
OECD,AVWAGE,USD,A,1994,38367.27184
OECD,AVWAGE,USD,A,1995,37825.30942
OECD,AVWAGE,USD,A,1996,38334.91102
OECD,AVWAGE,USD,A,1997,39041.40875
OECD,AVWAGE,USD,A,1998,39953.96537
OECD,AVWAGE,USD,A,1999,40897.16521
OECD,AVWAGE,USD,A,2000,41766.08881
OECD,AVWAGE,USD,A,2001,42190.29334
OECD,AVWAGE,USD,A,2002,42363.036
OECD,AVWAGE,USD,A,2003,42771.11076
OECD,AVWAGE,USD,A,2004,43353.25608
OECD,AVWAGE,USD,A,2005,43672.04914
OECD,AVWAGE,USD,A,2006,44085.32997
OECD,AVWAGE,USD,A,2007,44674.44583
OECD,AVWAGE,USD,A,2008,44595.53701
OECD,AVWAGE,USD,A,2009,44868.53729
OECD,AVWAGE,USD,A,2010,45085.12123
OECD,AVWAGE,USD,A,2011,45291.31119
OECD,AVWAGE,USD,A,2012,45291.88534
OECD,AVWAGE,USD,A,2013,45421.24448
OECD,AVWAGE,USD,A,2014,45792.25538
OECD,AVWAGE,USD,A,2015,46562.4795
OECD,AVWAGE,USD,A,2016,46897.42165
OECD,AVWAGE,USD,A,2017,47276.80623
OECD,AVWAGE,USD,A,2018,47747.77667
OECD,AVWAGE,USD,A,2019,48586.93652
ISL,AVWAGE,USD,A,1990,38570.98525
ISL,AVWAGE,USD,A,1991,41699.45455
ISL,AVWAGE,USD,A,1992,40269.56919
ISL,AVWAGE,USD,A,1993,38159.21334
ISL,AVWAGE,USD,A,1994,38921.0286
ISL,AVWAGE,USD,A,1995,39839.36405
ISL,AVWAGE,USD,A,1996,41121.22637
ISL,AVWAGE,USD,A,1997,42867.069
ISL,AVWAGE,USD,A,1998,47304.61646
ISL,AVWAGE,USD,A,1999,49520.75596
ISL,AVWAGE,USD,A,2000,51028.83758
ISL,AVWAGE,USD,A,2001,50741.6794
ISL,AVWAGE,USD,A,2002,51815.78062
ISL,AVWAGE,USD,A,2003,50855.59422
ISL,AVWAGE,USD,A,2004,54274.85706
ISL,AVWAGE,USD,A,2005,58525.10429
ISL,AVWAGE,USD,A,2006,61117.89076
ISL,AVWAGE,USD,A,2007,62728.47003
ISL,AVWAGE,USD,A,2008,55549.99919
ISL,AVWAGE,USD,A,2009,46982.53382
ISL,AVWAGE,USD,A,2010,48372.16794
ISL,AVWAGE,USD,A,2011,50703.86489
ISL,AVWAGE,USD,A,2012,50564.65035
ISL,AVWAGE,USD,A,2013,51276.12894
ISL,AVWAGE,USD,A,2014,52034.83011
ISL,AVWAGE,USD,A,2015,56081.3317
ISL,AVWAGE,USD,A,2016,61206.55418
ISL,AVWAGE,USD,A,2017,67709.68977
ISL,AVWAGE,USD,A,2018,70002.52953
ISL,AVWAGE,USD,A,2019,68005.79368
NZL,AVWAGE,USD,A,1990,30947.50863
NZL,AVWAGE,USD,A,1991,29703.55589
NZL,AVWAGE,USD,A,1992,30997.51166
NZL,AVWAGE,USD,A,1993,31829.53503
NZL,AVWAGE,USD,A,1994,32423.02943
NZL,AVWAGE,USD,A,1995,32248.82909
NZL,AVWAGE,USD,A,1996,32803.5265
NZL,AVWAGE,USD,A,1997,33693.95652
NZL,AVWAGE,USD,A,1998,33182.53658
NZL,AVWAGE,USD,A,1999,32717.31136
NZL,AVWAGE,USD,A,2000,32873.21857
NZL,AVWAGE,USD,A,2001,33478.36732
NZL,AVWAGE,USD,A,2002,34112.58897
NZL,AVWAGE,USD,A,2003,35358.68885
NZL,AVWAGE,USD,A,2004,36608.16371
NZL,AVWAGE,USD,A,2005,37231.16369
NZL,AVWAGE,USD,A,2006,37469.93262
NZL,AVWAGE,USD,A,2007,39676.14191
NZL,AVWAGE,USD,A,2008,39238.8246
NZL,AVWAGE,USD,A,2009,39723.08206
NZL,AVWAGE,USD,A,2010,40104.91918
NZL,AVWAGE,USD,A,2011,40105.74381
NZL,AVWAGE,USD,A,2012,40951.32704
NZL,AVWAGE,USD,A,2013,40494.87781
NZL,AVWAGE,USD,A,2014,40808.42423
NZL,AVWAGE,USD,A,2015,41672.77532
NZL,AVWAGE,USD,A,2016,43183.13048
NZL,AVWAGE,USD,A,2017,43398.99731
NZL,AVWAGE,USD,A,2018,43769.61954
NZL,AVWAGE,USD,A,2019,44030.74518
CHL,AVWAGE,USD,A,1996,15319.52515
CHL,AVWAGE,USD,A,1997,16368.52723
CHL,AVWAGE,USD,A,1998,17111.85734
CHL,AVWAGE,USD,A,1999,17975.05937
CHL,AVWAGE,USD,A,2000,17945.35541
CHL,AVWAGE,USD,A,2001,18437.02921
CHL,AVWAGE,USD,A,2002,18597.52173
CHL,AVWAGE,USD,A,2003,18999.73228
CHL,AVWAGE,USD,A,2004,18484.22926
CHL,AVWAGE,USD,A,2005,18278.60673
CHL,AVWAGE,USD,A,2006,18770.84878
CHL,AVWAGE,USD,A,2007,19298.40414
CHL,AVWAGE,USD,A,2008,19843.18747
CHL,AVWAGE,USD,A,2009,21343.88575
CHL,AVWAGE,USD,A,2010,24236.99613
CHL,AVWAGE,USD,A,2011,24369.07709
CHL,AVWAGE,USD,A,2012,25153.48605
CHL,AVWAGE,USD,A,2013,25802.99852
CHL,AVWAGE,USD,A,2014,26016.97599
CHL,AVWAGE,USD,A,2015,26001.07511
CHL,AVWAGE,USD,A,2016,27044.38873
CHL,AVWAGE,USD,A,2017,26313.01752
CHL,AVWAGE,USD,A,2018,26369.49741
CHL,AVWAGE,USD,A,2019,26915.8365
LVA,AVWAGE,USD,A,1996,9715.673226
LVA,AVWAGE,USD,A,1997,10160.80894
LVA,AVWAGE,USD,A,1998,10465.1467
LVA,AVWAGE,USD,A,1999,10901.43263
LVA,AVWAGE,USD,A,2000,11477.4054
LVA,AVWAGE,USD,A,2001,11865.73595
LVA,AVWAGE,USD,A,2002,11485.08711
LVA,AVWAGE,USD,A,2003,12340.43243
LVA,AVWAGE,USD,A,2004,13362.0043
LVA,AVWAGE,USD,A,2005,15551.48719
LVA,AVWAGE,USD,A,2006,17181.5604
LVA,AVWAGE,USD,A,2007,21192.92965
LVA,AVWAGE,USD,A,2008,21874.86041
LVA,AVWAGE,USD,A,2009,19693.34727
LVA,AVWAGE,USD,A,2010,18982.28754
LVA,AVWAGE,USD,A,2011,18316.49765
LVA,AVWAGE,USD,A,2012,19066.73503
LVA,AVWAGE,USD,A,2013,20004.7629
LVA,AVWAGE,USD,A,2014,21306.85089
LVA,AVWAGE,USD,A,2015,23258.38222
LVA,AVWAGE,USD,A,2016,24662.51202
LVA,AVWAGE,USD,A,2017,25620.42698
LVA,AVWAGE,USD,A,2018,26764.56306
LVA,AVWAGE,USD,A,2019,28453.58675
LTU,AVWAGE,USD,A,1995,8442.905824
LTU,AVWAGE,USD,A,1996,9416.91004
LTU,AVWAGE,USD,A,1997,10414.27422
LTU,AVWAGE,USD,A,1998,11368.39895
LTU,AVWAGE,USD,A,1999,11841.9183
LTU,AVWAGE,USD,A,2000,11866.91807
LTU,AVWAGE,USD,A,2001,12547.11985
LTU,AVWAGE,USD,A,2002,13398.77814
LTU,AVWAGE,USD,A,2003,14838.10335
LTU,AVWAGE,USD,A,2004,16412.80753
LTU,AVWAGE,USD,A,2005,18123.90407
LTU,AVWAGE,USD,A,2006,20755.24161
LTU,AVWAGE,USD,A,2007,22110.00214
LTU,AVWAGE,USD,A,2008,22472.4193
LTU,AVWAGE,USD,A,2009,19594.03427
LTU,AVWAGE,USD,A,2010,19694.42882
LTU,AVWAGE,USD,A,2011,20106.20117
LTU,AVWAGE,USD,A,2012,20412.3032
LTU,AVWAGE,USD,A,2013,21226.30596
LTU,AVWAGE,USD,A,2014,22180.45529
LTU,AVWAGE,USD,A,2015,23593.35637
LTU,AVWAGE,USD,A,2016,24853.85569
LTU,AVWAGE,USD,A,2017,26258.4257
LTU,AVWAGE,USD,A,2018,27368.00667
LTU,AVWAGE,USD,A,2019,28913.89776
